r,k1,k2,k3,k4,k5,k6,k7,k8,k9,k10,k11,k12,k13,k14
0,0,0,0,0,0,0,0,0,0,0,0,0,0,0
1,1,1,1,1,1,1,1,1,1,1,1,1,1,1
2,2,4,8,16,32,64,128,256,152,304,248,136,272,184
3,3,9,27,81,243,9,27,81,243,9,27,81,243,9
4,4,16,64,256,304,136,184,16,64,256,304,136,184,16
5,5,25,125,265,245,145,5,25,125,265,245,145,5,25
6,6,36,216,216,216,216,216,216,216,216,216,216,216,216
7,7,49,343,241,247,289,223,121,127,169,103,1,7,49
8,8,64,152,136,8,64,152,136,8,64,152,136,8,64
9,9,81,9,81,9,81,9,81,9,81,9,81,9,81
10,10,100,280,280,280,280,280,280,280,280,280,280,280,280
11,11,121,251,241,131,1,11,121,251,241,131,1,11,121
12,12,144,288,216,72,144,288,216,72,144,288,216,72,144
13,13,169,37,121,133,289,157,241,253,49,277,1,13,169
14,14,196,224,256,344,136,104,16,224,256,344,136,104,16
15,15,225,135,225,135,225,135,225,135,225,135,225,135,225
16,16,256,136,16,256,136,16,256,136,16,256,136,16,256
17,17,289,233,1,17,289,233,1,17,289,233,1,17,289
18,18,324,72,216,288,144,72,216,288,144,72,216,288,144
19,19,1,19,1,19,1,19,1,19,1,19,1,19,1
20,20,40,80,160,320,280,200,40,80,160,320,280,200,40
21,21,81,261,81,261,81,261,81,261,81,261,81,261,81
22,22,124,208,256,232,64,328,16,352,184,88,136,112,304
23,23,169,287,121,263,289,167,241,143,49,47,1,23,169
24,24,216,144,216,144,216,144,216,144,216,144,216,144,216
25,25,265,145,25,265,145,25,265,145,25,265,145,25,265
26,26,316,296,136,296,136,296,136,296,136,296,136,296,136
27,27,9,243,81,27,9,243,81,27,9,243,81,27,9
28,28,64,352,136,208,64,352,136,208,64,352,136,208,64
29,29,121,269,241,149,1,29,121,269,241,149,1,29,121
30,30,180,0,0,0,0,0,0,0,0,0,0,0,0
31,31,241,271,121,151,1,31,241,271,121,151,1,31,241
32,32,304,8,256,272,64,248,16,152,184,128,136,32,304
33,33,9,297,81,153,9,297,81,153,9,297,81,153,9
34,34,76,64,16,184,136,304,256,64,16,184,136,304,256
35,35,145,35,145,35,145,35,145,35,145,35,145,35,145
36,36,216,216,216,216,216,216,216,216,216,216,216,216,216
37,37,289,253,1,37,289,253,1,37,289,253,1,37,289
38,38,4,152,16,248,64,272,256,8,304,32,136,128,184
39,39,81,279,81,279,81,279,81,279,81,279,81,279,81
40,40,160,280,40,160,280,40,160,280,40,160,280,40,160
41,41,241,161,121,281,1,41,241,161,121,281,1,41,241
42,42,324,288,216,72,144,288,216,72,144,288,216,72,144
43,43,49,307,241,283,289,187,121,163,169,67,1,43,49
44,44,136,224,136,224,136,224,136,224,136,224,136,224,136
45,45,225,45,225,45,225,45,225,45,225,45,225,45,225
46,46,316,136,136,136,136,136,136,136,136,136,136,136,136
47,47,49,143,241,167,289,263,121,287,169,23,1,47,49
48,48,144,72,216,288,144,72,216,288,144,72,216,288,144
49,49,241,289,121,169,1,49,241,289,121,169,1,49,241
50,50,340,80,40,200,280,320,160,80,40,200,280,320,160
51,51,81,171,81,171,81,171,81,171,81,171,81,171,81
52,52,184,208,16,112,64,88,256,352,304,328,136,232,184
53,53,289,197,1,53,289,197,1,53,289,197,1,53,289
54,54,36,144,216,144,216,144,216,144,216,144,216,144,216
55,55,145,55,145,55,145,55,145,55,145,55,145,55,145
56,56,256,296,16,176,136,56,256,296,16,176,136,56,256
57,57,9,153,81,297,9,153,81,297,9,153,81,297,9
58,58,124,352,256,88,64,112,16,208,184,232,136,328,304
59,59,241,179,121,299,1,59,241,179,121,299,1,59,241
60,60,0,0,0,0,0,0,0,0,0,0,0,0,0
61,61,121,181,241,301,1,61,121,181,241,301,1,61,121
62,62,244,8,136,152,64,8,136,152,64,8,136,152,64
63,63,9,207,81,63,9,207,81,63,9,207,81,63,9
64,64,136,64,136,64,136,64,136,64,136,64,136,64,136
65,65,265,305,25,185,145,65,265,305,25,185,145,65,265
66,66,36,216,216,216,216,216,216,216,216,216,216,216,216
67,67,169,163,121,187,289,283,241,307,49,43,1,67,169
68,68,304,152,256,128,64,32,16,8,184,272,136,248,304
69,69,81,189,81,189,81,189,81,189,81,189,81,189,81
70,70,220,280,160,40,280,160,40,280,160,40,280,160,40
71,71,1,71,1,71,1,71,1,71,1,71,1,71,1
72,72,144,288,216,72,144,288,216,72,144,288,216,72,144
73,73,289,217,1,73,289,217,1,73,289,217,1,73,289
74,74,76,224,16,104,136,344,256,224,16,104,136,344,256
75,75,225,315,225,315,225,315,225,315,225,315,225,315,225
76,76,16,136,256,16,136,256,16,136,256,16,136,256,16
77,77,169,53,121,317,289,293,241,197,49,173,1,77,169
78,78,324,72,216,288,144,72,216,288,144,72,216,288,144
79,79,121,199,241,319,1,79,121,199,241,319,1,79,121
80,80,280,80,280,80,280,80,280,80,280,80,280,80,280
81,81,81,81,81,81,81,81,81,81,81,81,81,81,81
82,82,244,208,136,352,64,208,136,352,64,208,136,352,64
83,83,49,107,241,203,289,227,121,323,169,347,1,83,49
84,84,216,144,216,144,216,144,216,144,216,144,216,144,216
85,85,25,325,265,205,145,85,25,325,265,205,145,85,25
86,86,196,296,256,56,136,176,16,296,256,56,136,176,16
87,87,9,63,81,207,9,63,81,207,9,63,81,207,9
88,88,184,352,16,328,64,232,256,208,304,112,136,88,184
89,89,1,89,1,89,1,89,1,89,1,89,1,89,1
90,90,180,0,0,0,0,0,0,0,0,0,0,0,0
91,91,1,91,1,91,1,91,1,91,1,91,1,91,1
92,92,184,8,16,32,64,128,256,152,304,248,136,272,184
93,93,9,117,81,333,9,117,81,333,9,117,81,333,9
94,94,196,64,256,304,136,184,16,64,256,304,136,184,16
95,95,25,215,265,335,145,95,25,215,265,335,145,95,25
96,96,216,216,216,216,216,216,216,216,216,216,216,216,216
97,97,49,73,241,337,289,313,121,217,169,193,1,97,49
98,98,244,152,136,8,64,152,136,8,64,152,136,8,64
99,99,81,99,81,99,81,99,81,99,81,99,81,99,81
100,100,280,280,280,280,280,280,280,280,280,280,280,280,280
101,101,121,341,241,221,1,101,121,341,241,221,1,101,121
102,102,324,288,216,72,144,288,216,72,144,288,216,72,144
103,103,169,127,121,223,289,247,241,343,49,7,1,103,169
104,104,16,224,256,344,136,104,16,224,256,344,136,104,16
105,105,225,225,225,225,225,225,225,225,225,225,225,225,225
106,106,76,136,16,256,136,16,256,136,16,256,136,16,256
107,107,289,323,1,107,289,323,1,107,289,323,1,107,289
108,108,144,72,216,288,144,72,216,288,144,72,216,288,144
109,109,1,109,1,109,1,109,1,109,1,109,1,109,1
110,110,220,80,160,320,280,200,40,80,160,320,280,200,40
111,111,81,351,81,351,81,351,81,351,81,351,81,351,81
112,112,304,208,256,232,64,328,16,352,184,88,136,112,304
113,113,169,17,121,353,289,257,241,233,49,137,1,113,169
114,114,36,144,216,144,216,144,216,144,216,144,216,144,216
115,115,265,235,25,355,145,115,265,235,25,355,145,115,265
116,116,136,296,136,296,136,296,136,296,136,296,136,296,136
117,117,9,333,81,117,9,333,81,117,9,333,81,117,9
118,118,244,352,136,208,64,352,136,208,64,352,136,208,64
119,119,121,359,241,239,1,119,121,359,241,239,1,119,121
120,120,0,0,0,0,0,0,0,0,0,0,0,0,0
121,121,241,1,121,241,1,121,241,1,121,241,1,121,241
122,122,124,8,256,272,64,248,16,152,184,128,136,32,304
123,123,9,27,81,243,9,27,81,243,9,27,81,243,9
124,124,256,64,16,184,136,304,256,64,16,184,136,304,256
125,125,145,125,145,125,145,125,145,125,145,125,145,125,145
126,126,36,216,216,216,216,216,216,216,216,216,216,216,216
127,127,289,343,1,127,289,343,1,127,289,343,1,127,289
128,128,184,152,16,248,64,272,256,8,304,32,136,128,184
129,129,81,9,81,9,81,9,81,9,81,9,81,9,81
130,130,340,280,40,160,280,40,160,280,40,160,280,40,160
131,131,241,251,121,11,1,131,241,251,121,11,1,131,241
132,132,144,288,216,72,144,288,216,72,144,288,216,72,144
133,133,49,37,241,13,289,277,121,253,169,157,1,133,49
134,134,316,224,136,224,136,224,136,224,136,224,136,224,136
135,135,225,135,225,135,225,135,225,135,225,135,225,135,225
136,136,136,136,136,136,136,136,136,136,136,136,136,136,136
137,137,49,233,241,257,289,353,121,17,169,113,1,137,49
138,138,324,72,216,288,144,72,216,288,144,72,216,288,144
139,139,241,19,121,259,1,139,241,19,121,259,1,139,241
140,140,160,80,40,200,280,320,160,80,40,200,280,320,160
141,141,81,261,81,261,81,261,81,261,81,261,81,261,81
142,142,4,208,16,112,64,88,256,352,304,328,136,232,184
143,143,289,287,1,143,289,287,1,143,289,287,1,143,289
144,144,216,144,216,144,216,144,216,144,216,144,216,144,216
145,145,145,145,145,145,145,145,145,145,145,145,145,145,145
146,146,76,296,16,176,136,56,256,296,16,176,136,56,256
147,147,9,243,81,27,9,243,81,27,9,243,81,27,9
148,148,304,352,256,88,64,112,16,208,184,232,136,328,304
149,149,241,269,121,29,1,149,241,269,121,29,1,149,241
150,150,180,0,0,0,0,0,0,0,0,0,0,0,0
151,151,121,271,241,31,1,151,121,271,241,31,1,151,121
152,152,64,8,136,152,64,8,136,152,64,8,136,152,64
153,153,9,297,81,153,9,297,81,153,9,297,81,153,9
154,154,316,64,136,64,136,64,136,64,136,64,136,64,136
155,155,265,35,25,275,145,155,265,35,25,275,145,155,265
156,156,216,216,216,216,216,216,216,216,216,216,216,216,216
157,157,169,253,121,277,289,13,241,37,49,133,1,157,169
158,158,124,152,256,128,64,32,16,8,184,272,136,248,304
159,159,81,279,81,279,81,279,81,279,81,279,81,279,81
160,160,40,280,160,40,280,160,40,280,160,40,280,160,40
161,161,1,161,1,161,1,161,1,161,1,161,1,161,1
162,162,324,288,216,72,144,288,216,72,144,288,216,72,144
163,163,289,307,1,163,289,307,1,163,289,307,1,163,289
164,164,256,224,16,104,136,344,256,224,16,104,136,344,256
165,165,225,45,225,45,225,45,225,45,225,45,225,45,225
166,166,196,136,256,16,136,256,16,136,256,16,136,256,16
167,167,169,143,121,47,289,23,241,287,49,263,1,167,169
168,168,144,72,216,288,144,72,216,288,144,72,216,288,144
169,169,121,289,241,49,1,169,121,289,241,49,1,169,121
170,170,100,80,280,80,280,80,280,80,280,80,280,80,280
171,171,81,171,81,171,81,171,81,171,81,171,81,171,81
172,172,64,208,136,352,64,208,136,352,64,208,136,352,64
173,173,49,197,241,293,289,317,121,53,169,77,1,173,49
174,174,36,144,216,144,216,144,216,144,216,144,216,144,216
175,175,25,55,265,295,145,175,25,55,265,295,145,175,25
176,176,16,296,256,56,136,176,16,296,256,56,136,176,16
177,177,9,153,81,297,9,153,81,297,9,153,81,297,9
178,178,4,352,16,328,64,232,256,208,304,112,136,88,184
179,179,1,179,1,179,1,179,1,179,1,179,1,179,1
180,180,0,0,0,0,0,0,0,0,0,0,0,0,0
181,181,1,181,1,181,1,181,1,181,1,181,1,181,1
182,182,4,8,16,32,64,128,256,152,304,248,136,272,184
183,183,9,207,81,63,9,207,81,63,9,207,81,63,9
184,184,16,64,256,304,136,184,16,64,256,304,136,184,16
185,185,25,305,265,65,145,185,25,305,265,65,145,185,25
186,186,36,216,216,216,216,216,216,216,216,216,216,216,216
187,187,49,163,241,67,289,43,121,307,169,283,1,187,49
188,188,64,152,136,8,64,152,136,8,64,152,136,8,64
189,189,81,189,81,189,81,189,81,189,81,189,81,189,81
190,190,100,280,280,280,280,280,280,280,280,280,280,280,280
191,191,121,71,241,311,1,191,121,71,241,311,1,191,121
192,192,144,288,216,72,144,288,216,72,144,288,216,72,144
193,193,169,217,121,313,289,337,241,73,49,97,1,193,169
194,194,196,224,256,344,136,104,16,224,256,344,136,104,16
195,195,225,315,225,315,225,315,225,315,225,315,225,315,225
196,196,256,136,16,256,136,16,256,136,16,256,136,16,256
197,197,289,53,1,197,289,53,1,197,289,53,1,197,289
198,198,324,72,216,288,144,72,216,288,144,72,216,288,144
199,199,1,199,1,199,1,199,1,199,1,199,1,199,1
200,200,40,80,160,320,280,200,40,80,160,320,280,200,40
201,201,81,81,81,81,81,81,81,81,81,81,81,81,81
202,202,124,208,256,232,64,328,16,352,184,88,136,112,304
203,203,169,107,121,83,289,347,241,323,49,227,1,203,169
204,204,216,144,216,144,216,144,216,144,216,144,216,144,216
205,205,265,325,25,85,145,205,265,325,25,85,145,205,265
206,206,316,296,136,296,136,296,136,296,136,296,136,296,136
207,207,9,63,81,207,9,63,81,207,9,63,81,207,9
208,208,64,352,136,208,64,352,136,208,64,352,136,208,64
209,209,121,89,241,329,1,209,121,89,241,329,1,209,121
210,210,180,0,0,0,0,0,0,0,0,0,0,0,0
211,211,241,91,121,331,1,211,241,91,121,331,1,211,241
212,212,304,8,256,272,64,248,16,152,184,128,136,32,304
213,213,9,117,81,333,9,117,81,333,9,117,81,333,9
214,214,76,64,16,184,136,304,256,64,16,184,136,304,256
215,215,145,215,145,215,145,215,145,215,145,215,145,215,145
216,216,216,216,216,216,216,216,216,216,216,216,216,216,216
217,217,289,73,1,217,289,73,1,217,289,73,1,217,289
218,218,4,152,16,248,64,272,256,8,304,32,136,128,184
219,219,81,99,81,99,81,99,81,99,81,99,81,99,81
220,220,160,280,40,160,280,40,160,280,40,160,280,40,160
221,221,241,341,121,101,1,221,241,341,121,101,1,221,241
222,222,324,288,216,72,144,288,216,72,144,288,216,72,144
223,223,49,127,241,103,289,7,121,343,169,247,1,223,49
224,224,136,224,136,224,136,224,136,224,136,224,136,224,136
225,225,225,225,225,225,225,225,225,225,225,225,225,225,225
226,226,316,136,136,136,136,136,136,136,136,136,136,136,136
227,227,49,323,241,347,289,83,121,107,169,203,1,227,49
228,228,144,72,216,288,144,72,216,288,144,72,216,288,144
229,229,241,109,121,349,1,229,241,109,121,349,1,229,241
230,230,340,80,40,200,280,320,160,80,40,200,280,320,160
231,231,81,351,81,351,81,351,81,351,81,351,81,351,81
232,232,184,208,16,112,64,88,256,352,304,328,136,232,184
233,233,289,17,1,233,289,17,1,233,289,17,1,233,289
234,234,36,144,216,144,216,144,216,144,216,144,216,144,216
235,235,145,235,145,235,145,235,145,235,145,235,145,235,145
236,236,256,296,16,176,136,56,256,296,16,176,136,56,256
237,237,9,333,81,117,9,333,81,117,9,333,81,117,9
238,238,124,352,256,88,64,112,16,208,184,232,136,328,304
239,239,241,359,121,119,1,239,241,359,121,119,1,239,241
240,240,0,0,0,0,0,0,0,0,0,0,0,0,0
241,241,121,1,241,121,1,241,121,1,241,121,1,241,121
242,242,244,8,136,152,64,8,136,152,64,8,136,152,64
243,243,9,27,81,243,9,27,81,243,9,27,81,243,9
244,244,136,64,136,64,136,64,136,64,136,64,136,64,136
245,245,265,125,25,5,145,245,265,125,25,5,145,245,265
246,246,36,216,216,216,216,216,216,216,216,216,216,216,216
247,247,169,343,121,7,289,103,241,127,49,223,1,247,169
248,248,304,152,256,128,64,32,16,8,184,272,136,248,304
249,249,81,9,81,9,81,9,81,9,81,9,81,9,81
250,250,220,280,160,40,280,160,40,280,160,40,280,160,40
251,251,1,251,1,251,1,251,1,251,1,251,1,251,1
252,252,144,288,216,72,144,288,216,72,144,288,216,72,144
253,253,289,37,1,253,289,37,1,253,289,37,1,253,289
254,254,76,224,16,104,136,344,256,224,16,104,136,344,256
255,255,225,135,225,135,225,135,225,135,225,135,225,135,225
256,256,16,136,256,16,136,256,16,136,256,16,136,256,16
257,257,169,233,121,137,289,113,241,17,49,353,1,257,169
258,258,324,72,216,288,144,72,216,288,144,72,216,288,144
259,259,121,19,241,139,1,259,121,19,241,139,1,259,121
260,260,280,80,280,80,280,80,280,80,280,80,280,80,280
261,261,81,261,81,261,81,261,81,261,81,261,81,261,81
262,262,244,208,136,352,64,208,136,352,64,208,136,352,64
263,263,49,287,241,23,289,47,121,143,169,167,1,263,49
264,264,216,144,216,144,216,144,216,144,216,144,216,144,216
265,265,25,145,265,25,145,265,25,145,265,25,145,265,25
266,266,196,296,256,56,136,176,16,296,256,56,136,176,16
267,267,9,243,81,27,9,243,81,27,9,243,81,27,9
268,268,184,352,16,328,64,232,256,208,304,112,136,88,184
269,269,1,269,1,269,1,269,1,269,1,269,1,269,1
270,270,180,0,0,0,0,0,0,0,0,0,0,0,0
271,271,1,271,1,271,1,271,1,271,1,271,1,271,1
272,272,184,8,16,32,64,128,256,152,304,248,136,272,184
273,273,9,297,81,153,9,297,81,153,9,297,81,153,9
274,274,196,64,256,304,136,184,16,64,256,304,136,184,16
275,275,25,35,265,155,145,275,25,35,265,155,145,275,25
276,276,216,216,216,216,216,216,216,216,216,216,216,216,216
277,277,49,253,241,157,289,133,121,37,169,13,1,277,49
278,278,244,152,136,8,64,152,136,8,64,152,136,8,64
279,279,81,279,81,279,81,279,81,279,81,279,81,279,81
280,280,280,280,280,280,280,280,280,280,280,280,280,280,280
281,281,121,161,241,41,1,281,121,161,241,41,1,281,121
282,282,324,288,216,72,144,288,216,72,144,288,216,72,144
283,283,169,307,121,43,289,67,241,163,49,187,1,283,169
284,284,16,224,256,344,136,104,16,224,256,344,136,104,16
285,285,225,45,225,45,225,45,225,45,225,45,225,45,225
286,286,76,136,16,256,136,16,256,136,16,256,136,16,256
287,287,289,143,1,287,289,143,1,287,289,143,1,287,289
288,288,144,72,216,288,144,72,216,288,144,72,216,288,144
289,289,1,289,1,289,1,289,1,289,1,289,1,289,1
290,290,220,80,160,320,280,200,40,80,160,320,280,200,40
291,291,81,171,81,171,81,171,81,171,81,171,81,171,81
292,292,304,208,256,232,64,328,16,352,184,88,136,112,304
293,293,169,197,121,173,289,77,241,53,49,317,1,293,169
294,294,36,144,216,144,216,144,216,144,216,144,216,144,216
295,295,265,55,25,175,145,295,265,55,25,175,145,295,265
296,296,136,296,136,296,136,296,136,296,136,296,136,296,136
297,297,9,153,81,297,9,153,81,297,9,153,81,297,9
298,298,244,352,136,208,64,352,136,208,64,352,136,208,64
299,299,121,179,241,59,1,299,121,179,241,59,1,299,121
300,300,0,0,0,0,0,0,0,0,0,0,0,0,0
301,301,241,181,121,61,1,301,241,181,121,61,1,301,241
302,302,124,8,256,272,64,248,16,152,184,128,136,32,304
303,303,9,207,81,63,9,207,81,63,9,207,81,63,9
304,304,256,64,16,184,136,304,256,64,16,184,136,304,256
305,305,145,305,145,305,145,305,145,305,145,305,145,305,145
306,306,36,216,216,216,216,216,216,216,216,216,216,216,216
307,307,289,163,1,307,289,163,1,307,289,163,1,307,289
308,308,184,152,16,248,64,272,256,8,304,32,136,128,184
309,309,81,189,81,189,81,189,81,189,81,189,81,189,81
310,310,340,280,40,160,280,40,160,280,40,160,280,40,160
311,311,241,71,121,191,1,311,241,71,121,191,1,311,241
312,312,144,288,216,72,144,288,216,72,144,288,216,72,144
313,313,49,217,241,193,289,97,121,73,169,337,1,313,49
314,314,316,224,136,224,136,224,136,224,136,224,136,224,136
315,315,225,315,225,315,225,315,225,315,225,315,225,315,225
316,316,136,136,136,136,136,136,136,136,136,136,136,136,136
317,317,49,53,241,77,289,173,121,197,169,293,1,317,49
318,318,324,72,216,288,144,72,216,288,144,72,216,288,144
319,319,241,199,121,79,1,319,241,199,121,79,1,319,241
320,320,160,80,40,200,280,320,160,80,40,200,280,320,160
321,321,81,81,81,81,81,81,81,81,81,81,81,81,81
322,322,4,208,16,112,64,88,256,352,304,328,136,232,184
323,323,289,107,1,323,289,107,1,323,289,107,1,323,289
324,324,216,144,216,144,216,144,216,144,216,144,216,144,216
325,325,145,325,145,325,145,325,145,325,145,325,145,325,145
326,326,76,296,16,176,136,56,256,296,16,176,136,56,256
327,327,9,63,81,207,9,63,81,207,9,63,81,207,9
328,328,304,352,256,88,64,112,16,208,184,232,136,328,304
329,329,241,89,121,209,1,329,241,89,121,209,1,329,241
330,330,180,0,0,0,0,0,0,0,0,0,0,0,0
331,331,121,91,241,211,1,331,121,91,241,211,1,331,121
332,332,64,8,136,152,64,8,136,152,64,8,136,152,64
333,333,9,117,81,333,9,117,81,333,9,117,81,333,9
334,334,316,64,136,64,136,64,136,64,136,64,136,64,136
335,335,265,215,25,95,145,335,265,215,25,95,145,335,265
336,336,216,216,216,216,216,216,216,216,216,216,216,216,216
337,337,169,73,121,97,289,193,241,217,49,313,1,337,169
338,338,124,152,256,128,64,32,16,8,184,272,136,248,304
339,339,81,99,81,99,81,99,81,99,81,99,81,99,81
340,340,40,280,160,40,280,160,40,280,160,40,280,160,40
341,341,1,341,1,341,1,341,1,341,1,341,1,341,1
342,342,324,288,216,72,144,288,216,72,144,288,216,72,144
343,343,289,127,1,343,289,127,1,343,289,127,1,343,289
344,344,256,224,16,104,136,344,256,224,16,104,136,344,256
345,345,225,225,225,225,225,225,225,225,225,225,225,225,225
346,346,196,136,256,16,136,256,16,136,256,16,136,256,16
347,347,169,323,121,227,289,203,241,107,49,83,1,347,169
348,348,144,72,216,288,144,72,216,288,144,72,216,288,144
349,349,121,109,241,229,1,349,121,109,241,229,1,349,121
350,350,100,80,280,80,280,80,280,80,280,80,280,80,280
351,351,81,351,81,351,81,351,81,351,81,351,81,351,81
352,352,64,208,136,352,64,208,136,352,64,208,136,352,64
353,353,49,17,241,113,289,137,121,233,169,257,1,353,49
354,354,36,144,216,144,216,144,216,144,216,144,216,144,216
355,355,25,235,265,115,145,355,25,235,265,115,145,355,25
356,356,16,296,256,56,136,176,16,296,256,56,136,176,16
357,357,9,333,81,117,9,333,81,117,9,333,81,117,9
358,358,4,352,16,328,64,232,256,208,304,112,136,88,184
359,359,1,359,1,359,1,359,1,359,1,359,1,359,1
