r,gcd,integers,one,primes,composites,squarefree,semiprimes,prime_squares,proper_prime_powers,omega_sum,Omega_sum,first_prime,first_composite
0,360,2777,0,0,2777,0,0,0,0,11772,25086,0,360
1,1,2778,1,820,1957,2628,1254,27,29,5383,5564,1801,361
2,2,2778,0,1,2777,2636,854,0,0,8039,8208,2,362
3,3,2778,0,1,2777,2616,876,0,0,7944,8149,3,363
4,4,2778,0,0,2778,0,1,1,1,7903,10848,0,4
5,5,2778,0,1,2777,2106,747,0,1,7759,8631,5,365
6,6,2778,0,0,2778,2630,1,0,0,10588,10769,0,6
7,1,2778,0,811,1967,2635,1285,0,0,5397,5559,7,1807
8,8,2778,0,0,2778,0,0,0,2,7600,16098,0,8
9,9,2778,0,0,2778,0,1,1,3,7593,11948,0,9
10,10,2778,0,0,2778,2107,1,0,0,10391,11253,0,10
11,1,2778,0,821,1957,2633,1262,0,0,5394,5555,11,371
12,12,2778,0,0,2778,0,0,0,0,10454,13403,0,12
13,1,2778,0,830,1948,2632,1238,0,0,5393,5558,13,1813
14,2,2778,0,0,2778,2637,858,0,0,8049,8204,0,14
15,15,2778,0,0,2778,2091,1,0,0,10291,11180,0,15
16,8,2778,0,0,2778,0,0,0,2,7610,16104,0,16
17,1,2778,0,803,1975,2641,1300,0,0,5405,5557,17,377
18,18,2778,0,0,2778,0,0,0,0,10222,14562,0,18
19,1,2778,0,824,1954,2639,1265,0,1,5395,5549,19,1099
20,20,2778,0,0,2778,0,0,0,0,10241,13877,0,20
21,3,2778,0,0,2778,2635,906,0,0,7958,8122,0,21
22,2,2778,0,0,2778,2639,873,0,0,8044,8199,0,22
23,1,2778,0,813,1965,2636,1275,0,0,5397,5559,23,1463
24,24,2778,0,0,2778,0,0,0,0,10119,18628,0,24
25,5,2778,0,0,2778,2115,735,1,2,7779,8635,0,25
26,2,2778,0,0,2778,2637,862,0,0,8047,8205,0,26
27,9,2778,0,0,2778,0,0,0,3,7610,11942,0,27
28,4,2778,0,0,2778,0,0,0,0,7915,10853,0,28
29,1,2778,0,813,1965,2640,1282,0,0,5400,5553,29,749
30,30,2778,0,0,2778,2091,0,0,0,12911,13788,0,30
31,1,2778,0,823,1955,2641,1264,0,0,5396,5549,31,391
32,8,2778,0,0,2778,0,0,0,2,7601,16101,0,32
33,3,2778,0,0,2778,2634,890,0,0,7965,8132,0,33
34,2,2778,0,0,2778,2644,854,0,0,8058,8208,0,34
35,5,2778,0,0,2778,2112,752,0,0,7774,8624,0,35
36,36,2778,0,0,2778,0,0,0,0,10060,17160,0,36
37,1,2778,0,813,1965,2637,1274,0,1,5403,5563,37,1477
38,2,2778,0,0,2778,2639,847,0,0,8051,8208,0,38
39,3,2778,0,0,2778,2632,886,0,0,7969,8135,0,39
40,40,2778,0,0,2778,0,0,0,0,9880,19063,0,40
41,1,2778,0,797,1981,2639,1308,0,0,5408,5561,41,1121
42,6,2778,0,0,2778,2638,0,0,0,10606,10765,0,42
43,1,2778,0,818,1960,2638,1265,0,0,5399,5556,43,403
44,4,2778,0,0,2778,0,0,0,0,7912,10841,0,44
45,45,2778,0,0,2778,0,0,0,0,9876,14912,0,45
46,2,2778,0,0,2778,2642,859,0,0,8050,8202,0,46
47,1,2778,0,821,1957,2639,1267,0,0,5396,5555,47,407
48,24,2778,0,0,2778,0,0,0,0,10129,18624,0,48
49,1,2778,0,785,1993,2631,1316,28,28,5395,5573,409,49
50,10,2778,0,0,2778,2115,0,0,0,10407,11256,0,50
51,3,2778,0,0,2778,2640,892,0,0,7969,8125,0,51
52,4,2778,0,0,2778,0,0,0,0,7908,10842,0,52
53,1,2778,0,815,1963,2641,1276,0,0,5402,5556,53,413
54,18,2778,0,0,2778,0,0,0,0,10231,14563,0,54
55,5,2778,0,0,2778,2112,753,0,0,7775,8624,0,55
56,8,2778,0,0,2778,0,0,0,0,7611,16094,0,56
57,3,2778,0,0,2778,2641,906,0,0,7964,8118,0,57
58,2,2778,0,0,2778,2639,870,0,0,8044,8198,0,58
59,1,2778,0,834,1944,2636,1245,0,0,5388,5548,59,779
60,60,2778,0,0,2778,0,0,0,0,12742,16382,0,60
61,1,2778,0,827,1951,2643,1247,0,0,5405,5555,61,781
62,2,2778,0,0,2778,2641,868,0,0,8047,8200,0,62
63,9,2778,0,0,2778,0,0,0,0,7611,11937,0,63
64,8,2778,0,0,2778,0,0,0,2,7605,16106,0,64
65,5,2778,0,0,2778,2111,756,0,0,7774,8617,0,65
66,6,2778,0,0,2778,2642,0,0,0,10604,10759,0,66
67,1,2778,0,814,1964,2639,1276,0,0,5402,5558,67,427
68,4,2778,0,0,2778,0,0,0,0,7908,10839,0,68
69,3,2778,0,0,2778,2636,906,0,0,7960,8119,0,69
70,10,2778,0,0,2778,2110,0,0,0,10407,11251,0,70
71,1,2778,0,830,1948,2644,1248,0,1,5397,5549,71,791
72,72,2778,0,0,2778,0,0,0,0,9675,22326,0,72
73,1,2778,0,813,1965,2640,1274,0,1,5402,5555,73,793
74,2,2778,0,0,2778,2637,860,0,0,8047,8205,0,74
75,15,2778,0,0,2778,2119,0,0,0,10306,11167,0,75
76,4,2778,0,0,2778,0,0,0,0,7905,10849,0,76
77,1,2778,0,813,1965,2640,1271,0,0,5407,5561,797,77
78,6,2778,0,0,2778,2639,0,0,0,10613,10767,0,78
79,1,2778,0,806,1972,2637,1289,0,0,5403,5561,79,799
80,40,2778,0,0,2778,0,0,0,0,9884,19062,0,80
81,9,2778,0,0,2778,0,0,0,3,7595,11951,0,81
82,2,2778,0,0,2778,2639,853,0,0,8051,8205,0,82
83,1,2778,0,819,1959,2646,1266,0,0,5403,5551,83,803
84,12,2778,0,0,2778,0,0,0,0,10455,13392,0,84
85,5,2778,0,0,2778,2115,745,0,0,7779,8623,0,85
86,2,2778,0,0,2778,2641,872,0,0,8046,8201,0,86
87,3,2778,0,0,2778,2642,890,0,0,7968,8120,0,87
88,8,2778,0,0,2778,0,0,0,0,7611,16094,0,88
89,1,2778,0,829,1949,2642,1249,0,1,5399,5553,89,1169
90,90,2778,0,0,2778,0,0,0,0,12469,17494,0,90
91,1,2778,0,819,1959,2641,1274,0,0,5394,5549,811,91
92,4,2778,0,0,2778,0,0,0,0,7912,10840,0,92
93,3,2778,0,0,2778,2641,892,0,0,7971,8123,0,93
94,2,2778,0,0,2778,2639,864,0,0,8047,8203,0,94
95,5,2778,0,0,2778,2115,734,0,0,7783,8625,0,95
96,24,2778,0,0,2778,0,0,0,0,10117,18628,0,96
97,1,2778,0,824,1954,2641,1256,0,0,5398,5553,97,817
98,2,2778,0,0,2778,2635,850,0,0,8044,8211,0,98
99,9,2778,0,0,2778,0,0,0,0,7616,11940,0,99
100,20,2778,0,0,2778,0,0,0,0,10242,13863,0,100
101,1,2778,0,804,1974,2642,1300,0,0,5404,5557,101,1541
102,6,2778,0,0,2778,2643,0,0,0,10610,10760,0,102
103,1,2778,0,805,1973,2632,1276,0,0,5409,5571,103,1183
104,8,2778,0,0,2778,0,0,0,0,7609,16092,0,104
105,15,2778,0,0,2778,2106,0,0,0,10306,11160,0,105
106,2,2778,0,0,2778,2642,857,0,0,8049,8202,0,106
107,1,2778,0,822,1956,2642,1266,0,1,5398,5550,107,1547
108,36,2778,0,0,2778,0,0,0,0,10067,17161,0,108
109,1,2778,0,817,1961,2640,1263,0,0,5402,5555,109,469
110,10,2778,0,0,2778,2117,0,0,0,10408,11250,0,110
111,3,2778,0,0,2778,2631,898,0,0,7962,8128,0,111
112,8,2778,0,0,2778,0,0,0,0,7607,16087,0,112
113,1,2778,0,825,1953,2640,1255,0,0,5397,5553,113,473
114,6,2778,0,0,2778,2640,0,0,0,10608,10762,0,114
115,5,2778,0,0,2778,2115,760,0,0,7776,8617,0,115
116,4,2778,0,0,2778,0,0,0,0,7917,10847,0,116
117,9,2778,0,0,2778,0,0,0,0,7615,11931,0,117
118,2,2778,0,0,2778,2639,867,0,0,8046,8202,0,118
119,1,2778,0,821,1957,2643,1266,0,0,5400,5550,479,119
120,120,2778,0,0,2778,0,0,0,0,12343,21527,0,120
121,1,2778,0,797,1981,2629,1296,27,30,5392,5574,1201,121
122,2,2778,0,0,2778,2634,884,0,0,8028,8199,0,122
123,3,2778,0,0,2778,2643,892,0,0,7971,8119,0,123
124,4,2778,0,0,2778,0,0,0,0,7906,10851,0,124
125,5,2778,0,0,2778,2099,731,0,1,7768,8640,0,125
126,18,2778,0,0,2778,0,0,0,0,10228,14559,0,126
127,1,2778,0,830,1948,2640,1245,0,0,5393,5552,127,847
128,8,2778,0,0,2778,0,0,0,2,7602,16105,0,128
129,3,2778,0,0,2778,2641,902,0,0,7968,8119,0,129
130,10,2778,0,0,2778,2102,0,0,0,10398,11261,0,130
131,1,2778,0,807,1971,2635,1288,0,1,5401,5565,131,851
132,12,2778,0,0,2778,0,0,0,0,10464,13391,0,132
133,1,2778,0,819,1959,2636,1261,0,1,5397,5559,853,133
134,2,2778,0,0,2778,2636,860,0,0,8046,8209,0,134
135,45,2778,0,0,2778,0,0,0,0,9887,14906,0,135
136,8,2778,0,0,2778,0,0,0,1,7605,16097,0,136
137,1,2778,0,821,1957,2637,1257,0,0,5402,5561,137,497
138,6,2778,0,0,2778,2644,0,0,0,10615,10764,0,138
139,1,2778,0,814,1964,2637,1274,0,0,5401,5562,139,1219
140,20,2778,0,0,2778,0,0,0,0,10239,13873,0,140
141,3,2778,0,0,2778,2632,901,0,0,7969,8130,0,141
142,2,2778,0,0,2778,2642,867,0,0,8047,8203,0,142
143,1,2778,0,815,1963,2637,1277,0,1,5398,5556,503,143
144,72,2778,0,0,2778,0,0,0,0,9673,22326,0,144
145,5,2778,0,0,2778,2114,756,0,1,7771,8624,0,145
146,2,2778,0,0,2778,2638,861,0,0,8049,8205,0,146
147,3,2778,0,0,2778,2615,862,0,0,7948,8148,0,147
148,4,2778,0,0,2778,0,0,0,0,7903,10839,0,148
149,1,2778,0,814,1964,2642,1279,0,0,5402,5555,149,869
150,30,2778,0,0,2778,2121,0,0,0,12923,13773,0,150
151,1,2778,0,809,1969,2639,1281,0,0,5403,5558,151,511
152,8,2778,0,0,2778,0,0,0,1,7603,16105,0,152
153,9,2778,0,0,2778,0,0,0,0,7619,11931,0,153
154,2,2778,0,0,2778,2639,884,0,0,8038,8196,0,154
155,5,2778,0,0,2778,2107,754,0,0,7768,8625,0,155
156,12,2778,0,0,2778,0,0,0,0,10458,13398,0,156
157,1,2778,0,824,1954,2638,1258,0,0,5394,5553,157,517
158,2,2778,0,0,2778,2637,869,0,0,8045,8204,0,158
159,3,2778,0,0,2778,2643,904,0,0,7971,8122,0,159
160,40,2778,0,0,2778,0,0,0,0,9875,19060,0,160
161,1,2778,0,814,1964,2640,1285,0,1,5398,5552,521,161
162,18,2778,0,0,2778,0,0,0,0,10225,14562,0,162
163,1,2778,0,814,1964,2638,1266,0,1,5408,5563,163,1243
164,4,2778,0,0,2778,0,0,0,0,7907,10839,0,164
165,15,2778,0,0,2778,2115,0,0,0,10313,11158,0,165
166,2,2778,0,0,2778,2641,867,0,0,8052,8203,0,166
167,1,2778,0,822,1956,2636,1270,0,0,5395,5552,167,527
168,24,2778,0,0,2778,0,0,0,0,10131,18609,0,168
169,1,2778,0,814,1964,2625,1287,30,30,5381,5561,1249,169
170,10,2778,0,0,2778,2116,0,0,0,10395,11247,0,170
171,9,2778,0,0,2778,0,0,0,0,7611,11933,0,171
172,4,2778,0,0,2778,0,0,0,0,7906,10839,0,172
173,1,2778,0,841,1937,2639,1234,0,0,5391,5548,173,533
174,6,2778,0,0,2778,2644,0,0,0,10612,10762,0,174
175,5,2778,0,0,2778,2112,752,0,0,7775,8626,0,175
176,8,2778,0,0,2778,0,0,0,0,7610,16098,0,176
177,3,2778,0,0,2778,2629,897,0,0,7966,8133,0,177
178,2,2778,0,0,2778,2641,877,0,0,8042,8197,0,178
179,1,2778,0,830,1948,2636,1237,0,1,5395,5556,179,539
180,180,2778,0,0,2778,0,0,0,0,12267,20056,0,180
181,1,2778,0,800,1978,2643,1312,0,1,5402,5554,181,901
182,2,2778,0,0,2778,2641,865,0,0,8047,8199,0,182
183,3,2778,0,0,2778,2645,896,0,0,7974,8120,0,183
184,8,2778,0,0,2778,0,0,0,1,7607,16100,0,184
185,5,2778,0,0,2778,2112,749,0,0,7778,8625,0,185
186,6,2778,0,0,2778,2639,0,0,0,10609,10762,0,186
187,1,2778,0,805,1973,2642,1292,0,0,5409,5560,547,187
188,4,2778,0,0,2778,0,0,0,0,7912,10843,0,188
189,9,2778,0,0,2778,0,0,0,0,7621,11934,0,189
190,10,2778,0,0,2778,2108,0,0,0,10404,11255,0,190
191,1,2778,0,819,1959,2643,1268,0,0,5402,5552,191,551
192,24,2778,0,0,2778,0,0,0,0,10121,18624,0,192
193,1,2778,0,825,1953,2642,1266,0,0,5400,5552,193,553
194,2,2778,0,0,2778,2640,880,0,0,8043,8200,0,194
195,15,2778,0,0,2778,2109,0,0,0,10313,11158,0,195
196,4,2778,0,0,2778,0,0,0,0,7897,10842,0,196
197,1,2778,0,835,1943,2640,1240,0,1,5394,5548,197,917
198,18,2778,0,0,2778,0,0,0,0,10236,14549,0,198
199,1,2778,0,811,1967,2637,1280,0,1,5404,5561,199,559
200,40,2778,0,0,2778,0,0,0,0,9881,19056,0,200
201,3,2778,0,0,2778,2640,882,0,0,7978,8132,0,201
202,2,2778,0,0,2778,2641,878,0,0,8047,8199,0,202
203,1,2778,0,821,1957,2644,1268,0,0,5404,5550,563,203
204,12,2778,0,0,2778,0,0,0,0,10463,13386,0,204
205,5,2778,0,0,2778,2110,755,0,0,7772,8619,0,205
206,2,2778,0,0,2778,2639,870,0,0,8045,8200,0,206
207,9,2778,0,0,2778,0,0,0,0,7612,11938,0,207
208,8,2778,0,0,2778,0,0,0,0,7604,16087,0,208
209,1,2778,0,812,1966,2642,1280,0,0,5403,5555,569,209
210,30,2778,0,0,2778,2110,0,0,0,12927,13770,0,210
211,1,2778,0,821,1957,2637,1258,0,0,5401,5557,211,931
212,4,2778,0,0,2778,0,0,0,0,7923,10852,0,212
213,3,2778,0,0,2778,2647,911,0,0,7969,8114,0,213
214,2,2778,0,0,2778,2640,872,0,0,8044,8198,0,214
215,5,2778,0,0,2778,2113,752,0,0,7778,8620,0,215
216,72,2778,0,0,2778,0,0,0,0,9674,22331,0,216
217,1,2778,0,814,1964,2642,1280,0,1,5400,5551,577,217
218,2,2778,0,0,2778,2632,859,0,0,8042,8213,0,218
219,3,2778,0,0,2778,2646,904,0,0,7969,8114,0,219
220,20,2778,0,0,2778,0,0,0,0,10248,13869,0,220
221,1,2778,0,812,1966,2639,1278,0,0,5402,5556,941,221
222,6,2778,0,0,2778,2634,0,0,0,10604,10764,0,222
223,1,2778,0,833,1945,2642,1251,0,1,5390,5549,223,583
224,8,2778,0,0,2778,0,0,0,0,7610,16096,0,224
225,45,2778,0,0,2778,0,0,0,0,9895,14902,0,225
226,2,2778,0,0,2778,2640,874,0,0,8047,8198,0,226
227,1,2778,0,818,1960,2644,1277,0,0,5402,5550,227,2387
228,12,2778,0,0,2778,0,0,0,0,10445,13397,0,228
229,1,2778,0,827,1951,2642,1254,0,0,5400,5551,229,589
230,10,2778,0,0,2778,2119,0,0,0,10404,11243,0,230
231,3,2778,0,0,2778,2642,896,0,0,7970,8123,0,231
232,8,2778,0,0,2778,0,0,0,0,7612,16095,0,232
233,1,2778,0,806,1972,2640,1287,0,1,5404,5559,233,1313
234,18,2778,0,0,2778,0,0,0,0,10237,14547,0,234
235,5,2778,0,0,2778,2115,738,0,0,7785,8627,0,235
236,4,2778,0,0,2778,0,0,0,0,7916,10844,0,236
237,3,2778,0,0,2778,2639,893,0,0,7971,8126,0,237
238,2,2778,0,0,2778,2642,850,0,0,8054,8206,0,238
239,1,2778,0,815,1963,2642,1275,0,0,5404,5554,239,959
240,120,2778,0,0,2778,0,0,0,0,12348,21522,0,240
241,1,2778,0,809,1969,2633,1286,24,27,5382,5563,241,961
242,2,2778,0,0,2778,2630,840,0,0,8047,8219,0,242
243,9,2778,0,0,2778,0,0,0,2,7610,11942,0,243
244,4,2778,0,0,2778,0,0,0,0,7909,10855,0,244
245,5,2778,0,0,2778,2099,734,0,1,7767,8639,0,245
246,6,2778,0,0,2778,2642,0,0,0,10613,10762,0,246
247,1,2778,0,812,1966,2640,1279,0,1,5398,5557,607,247
248,8,2778,0,0,2778,0,0,0,1,7606,16101,0,248
249,3,2778,0,0,2778,2647,892,0,0,7976,8121,0,249
250,10,2778,0,0,2778,2100,0,0,0,10396,11261,0,250
251,1,2778,0,811,1967,2638,1281,0,1,5399,5559,251,611
252,36,2778,0,0,2778,0,0,0,0,10062,17160,0,252
253,1,2778,0,820,1958,2636,1274,0,1,5391,5553,613,253
254,2,2778,0,0,2778,2638,886,0,0,8042,8199,0,254
255,15,2778,0,0,2778,2117,0,0,0,10314,11152,0,255
256,8,2778,0,0,2778,0,0,0,1,7603,16095,0,256
257,1,2778,0,840,1938,2640,1236,0,0,5388,5544,257,1337
258,6,2778,0,0,2778,2636,0,0,0,10601,10760,0,258
259,1,2778,0,830,1948,2639,1253,0,0,5390,5547,619,259
260,20,2778,0,0,2778,0,0,0,0,10238,13871,0,260
261,9,2778,0,0,2778,0,0,0,0,7620,11935,0,261
262,2,2778,0,0,2778,2640,876,0,0,8046,8202,0,262
263,1,2778,0,830,1948,2638,1244,0,0,5394,5551,263,623
264,24,2778,0,0,2778,0,0,0,0,10134,18607,0,264
265,5,2778,0,0,2778,2114,760,0,1,7768,8630,0,265
266,2,2778,0,0,2778,2638,866,0,0,8050,8208,0,266
267,3,2778,0,0,2778,2642,916,0,0,7965,8116,0,267
268,4,2778,0,0,2778,0,0,0,0,7917,10851,0,268
269,1,2778,0,802,1976,2639,1303,0,1,5401,5557,269,629
270,90,2778,0,0,2778,0,0,0,0,12478,17480,0,270
271,1,2778,0,834,1944,2637,1234,0,1,5400,5557,271,1351
272,8,2778,0,0,2778,0,0,0,1,7604,16105,0,272
273,3,2778,0,0,2778,2636,897,0,0,7967,8123,0,273
274,2,2778,0,0,2778,2641,846,0,0,8053,8206,0,274
275,5,2778,0,0,2778,2108,766,0,0,7769,8623,0,275
276,12,2778,0,0,2778,0,0,0,0,10465,13388,0,276
277,1,2778,0,811,1967,2632,1277,0,0,5397,5561,277,637
278,2,2778,0,0,2778,2639,885,0,0,8040,8194,0,278
279,9,2778,0,0,2778,0,0,0,0,7622,11930,0,279
280,40,2778,0,0,2778,0,0,0,0,9881,19071,0,280
281,1,2777,0,842,1935,2639,1215,0,0,5393,5548,281,1001
282,6,2777,0,0,2777,2642,0,0,0,10604,10755,0,282
283,1,2777,0,820,1957,2639,1277,0,0,5389,5543,283,1003
284,4,2777,0,0,2777,0,0,0,0,7914,10842,0,284
285,15,2777,0,0,2777,2114,0,0,0,10317,11153,0,285
286,2,2777,0,0,2777,2639,854,0,0,8048,8204,0,286
287,1,2777,0,812,1965,2636,1265,0,1,5402,5562,647,287
288,72,2777,0,0,2777,0,0,0,0,9667,22318,0,288
289,1,2777,0,792,1985,2627,1310,29,30,5390,5572,1009,289
290,10,2777,0,0,2777,2115,0,0,0,10398,11248,0,290
291,3,2777,0,0,2777,2646,895,0,0,7973,8118,0,291
292,4,2777,0,0,2777,0,0,0,0,7912,10847,0,292
293,1,2777,0,811,1966,2640,1285,0,0,5401,5552,293,2093
294,6,2777,0,0,2777,2622,0,0,0,10588,10770,0,294
295,5,2777,0,0,2777,2113,745,0,0,7773,8623,0,295
296,8,2777,0,0,2777,0,0,0,0,7609,16088,0,296
297,9,2777,0,0,2777,0,0,0,0,7617,11931,0,297
298,2,2777,0,0,2777,2641,865,0,0,8051,8201,0,298
299,1,2777,0,798,1979,2638,1296,0,0,5407,5566,659,299
300,60,2777,0,0,2777,0,0,0,0,12749,16363,0,300
301,1,2777,0,811,1966,2643,1289,0,0,5401,5549,661,301
302,2,2777,0,0,2777,2637,860,0,0,8048,8206,0,302
303,3,2777,0,0,2777,2638,890,0,0,7971,8125,0,303
304,8,2777,0,0,2777,0,0,0,1,7605,16091,0,304
305,5,2777,0,0,2777,2110,755,0,0,7771,8620,0,305
306,18,2777,0,0,2777,0,0,0,0,10237,14544,0,306
307,1,2777,0,827,1950,2639,1256,0,1,5390,5546,307,667
308,4,2777,0,0,2777,0,0,0,0,7913,10841,0,308
309,3,2777,0,0,2777,2634,903,0,0,7960,8124,0,309
310,10,2777,0,0,2777,2110,0,0,0,10396,11241,0,310
311,1,2777,0,828,1949,2642,1257,0,0,5394,5542,311,671
312,24,2777,0,0,2777,0,0,0,0,10129,18600,0,312
313,1,2777,0,812,1965,2643,1282,0,0,5403,5549,313,1393
314,2,2777,0,0,2777,2637,867,0,0,8045,8198,0,314
315,45,2777,0,0,2777,0,0,0,0,9892,14891,0,315
316,4,2777,0,0,2777,0,0,0,0,7908,10848,0,316
317,1,2777,0,805,1972,2637,1300,0,0,5396,5550,317,1037
318,6,2777,0,0,2777,2642,0,0,0,10602,10751,0,318
319,1,2777,0,835,1942,2641,1242,0,0,5391,5543,1039,319
320,40,2777,0,0,2777,0,0,0,0,9877,19060,0,320
321,3,2777,0,0,2777,2650,908,0,0,7966,8106,0,321
322,2,2777,0,0,2777,2639,868,0,0,8047,8199,0,322
323,1,2777,0,831,1946,2640,1250,0,0,5394,5546,683,323
324,36,2777,0,0,2777,0,0,0,0,10060,17162,0,324
325,5,2777,0,0,2777,2113,754,0,0,7776,8621,0,325
326,2,2777,0,0,2777,2634,864,0,0,8038,8201,0,326
327,3,2777,0,0,2777,2646,907,0,0,7969,8114,0,327
328,8,2777,0,0,2777,0,0,0,0,7615,16094,0,328
329,1,2777,0,818,1959,2638,1269,0,0,5396,5552,1049,329
330,30,2777,0,0,2777,2119,0,0,0,12927,13761,0,330
331,1,2777,0,837,1940,2637,1227,0,0,5394,5551,331,1411
332,4,2777,0,0,2777,0,0,0,0,7907,10837,0,332
333,9,2777,0,0,2777,0,0,0,0,7618,11929,0,333
334,2,2777,0,0,2777,2643,872,0,0,8046,8194,0,334
335,5,2777,0,0,2777,2107,758,0,0,7776,8622,0,335
336,24,2777,0,0,2777,0,0,0,0,10131,18599,0,336
337,1,2777,0,827,1950,2640,1249,0,0,5398,5547,337,697
338,2,2777,0,0,2777,2630,846,0,0,8039,8209,0,338
339,3,2777,0,0,2777,2637,881,0,0,7971,8127,0,339
340,20,2777,0,0,2777,0,0,0,0,10247,13869,0,340
341,1,2777,0,825,1952,2637,1253,0,0,5397,5553,701,341
342,18,2777,0,0,2777,0,0,0,0,10234,14543,0,342
343,1,2777,0,815,1962,2631,1274,0,1,5388,5552,1063,343
344,8,2777,0,0,2777,0,0,0,0,7608,16091,0,344
345,15,2777,0,0,2777,2118,0,0,0,10313,11147,0,345
346,2,2777,0,0,2777,2638,875,0,0,8040,8196,0,346
347,1,2777,0,797,1980,2640,1297,0,0,5410,5562,347,707
348,12,2777,0,0,2777,0,0,0,0,10460,13385,0,348
349,1,2777,0,833,1944,2641,1237,0,0,5396,5546,349,2149
350,10,2777,0,0,2777,2112,0,0,0,10407,11252,0,350
351,9,2777,0,0,2777,0,0,0,0,7624,11926,0,351
352,8,2777,0,0,2777,0,0,0,0,7609,16090,0,352
353,1,2777,0,813,1964,2637,1270,0,0,5400,5556,353,713
354,6,2777,0,0,2777,2639,0,0,0,10605,10756,0,354
355,5,2777,0,0,2777,2114,741,0,0,7779,8619,0,355
356,4,2777,0,0,2777,0,0,0,0,7902,10832,0,356
357,3,2777,0,0,2777,2648,891,0,0,7974,8116,0,357
358,2,2777,0,0,2777,2639,880,0,0,8042,8196,0,358
359,1,2777,0,819,1958,2642,1271,0,0,5399,5546,359,1079
