d,e,target_d,source_pair_count,target_shell_size,fiber_size
1,1,1,9216,96,96
1,2,2,4608,48,96
1,3,3,3072,32,96
1,4,4,2304,24,96
1,5,5,2304,24,96
1,6,6,1536,16,96
1,8,8,2304,24,96
1,9,9,1536,16,96
1,10,10,1152,12,96
1,12,12,768,8,96
1,15,15,768,8,96
1,18,18,768,8,96
1,20,20,576,6,96
1,24,24,768,8,96
1,30,30,384,4,96
1,36,36,384,4,96
1,40,40,576,6,96
1,45,45,384,4,96
1,60,60,192,2,96
1,72,72,384,4,96
1,90,90,192,2,96
1,120,120,192,2,96
1,180,180,96,1,96
1,360,360,96,1,96
2,1,2,4608,48,96
2,2,4,2304,24,96
2,3,6,1536,16,96
2,4,8,1152,24,48
2,5,10,1152,12,96
2,6,12,768,8,96
2,8,8,1152,24,48
2,9,18,768,8,96
2,10,20,576,6,96
2,12,24,384,8,48
2,15,30,384,4,96
2,18,36,384,4,96
2,20,40,288,6,48
2,24,24,384,8,48
2,30,60,192,2,96
2,36,72,192,4,48
2,40,40,288,6,48
2,45,90,192,2,96
2,60,120,96,2,48
2,72,72,192,4,48
2,90,180,96,1,96
2,120,120,96,2,48
2,180,360,48,1,48
2,360,360,48,1,48
3,1,3,3072,32,96
3,2,6,1536,16,96
3,3,9,1024,16,64
3,4,12,768,8,96
3,5,15,768,8,96
3,6,18,512,8,64
3,8,24,768,8,96
3,9,9,512,16,32
3,10,30,384,4,96
3,12,36,256,4,64
3,15,45,256,4,64
3,18,18,256,8,32
3,20,60,192,2,96
3,24,72,256,4,64
3,30,90,128,2,64
3,36,36,128,4,32
3,40,120,192,2,96
3,45,45,128,4,32
3,60,180,64,1,64
3,72,72,128,4,32
3,90,90,64,2,32
3,120,360,64,1,64
3,180,180,32,1,32
3,360,360,32,1,32
4,1,4,2304,24,96
4,2,8,1152,24,48
4,3,12,768,8,96
4,4,8,576,24,24
4,5,20,576,6,96
4,6,24,384,8,48
4,8,8,576,24,24
4,9,36,384,4,96
4,10,40,288,6,48
4,12,24,192,8,24
4,15,60,192,2,96
4,18,72,192,4,48
4,20,40,144,6,24
4,24,24,192,8,24
4,30,120,96,2,48
4,36,72,96,4,24
4,40,40,144,6,24
4,45,180,96,1,96
4,60,120,48,2,24
4,72,72,96,4,24
4,90,360,48,1,48
4,120,120,48,2,24
4,180,360,24,1,24
4,360,360,24,1,24
5,1,5,2304,24,96
5,2,10,1152,12,96
5,3,15,768,8,96
5,4,20,576,6,96
5,5,5,576,24,24
5,6,30,384,4,96
5,8,40,576,6,96
5,9,45,384,4,96
5,10,10,288,12,24
5,12,60,192,2,96
5,15,15,192,8,24
5,18,90,192,2,96
5,20,20,144,6,24
5,24,120,192,2,96
5,30,30,96,4,24
5,36,180,96,1,96
5,40,40,144,6,24
5,45,45,96,4,24
5,60,60,48,2,24
5,72,360,96,1,96
5,90,90,48,2,24
5,120,120,48,2,24
5,180,180,24,1,24
5,360,360,24,1,24
6,1,6,1536,16,96
6,2,12,768,8,96
6,3,18,512,8,64
6,4,24,384,8,48
6,5,30,384,4,96
6,6,36,256,4,64
6,8,24,384,8,48
6,9,18,256,8,32
6,10,60,192,2,96
6,12,72,128,4,32
6,15,90,128,2,64
6,18,36,128,4,32
6,20,120,96,2,48
6,24,72,128,4,32
6,30,180,64,1,64
6,36,72,64,4,16
6,40,120,96,2,48
6,45,90,64,2,32
6,60,360,32,1,32
6,72,72,64,4,16
6,90,180,32,1,32
6,120,360,32,1,32
6,180,360,16,1,16
6,360,360,16,1,16
8,1,8,2304,24,96
8,2,8,1152,24,48
8,3,24,768,8,96
8,4,8,576,24,24
8,5,40,576,6,96
8,6,24,384,8,48
8,8,8,576,24,24
8,9,72,384,4,96
8,10,40,288,6,48
8,12,24,192,8,24
8,15,120,192,2,96
8,18,72,192,4,48
8,20,40,144,6,24
8,24,24,192,8,24
8,30,120,96,2,48
8,36,72,96,4,24
8,40,40,144,6,24
8,45,360,96,1,96
8,60,120,48,2,24
8,72,72,96,4,24
8,90,360,48,1,48
8,120,120,48,2,24
8,180,360,24,1,24
8,360,360,24,1,24
9,1,9,1536,16,96
9,2,18,768,8,96
9,3,9,512,16,32
9,4,36,384,4,96
9,5,45,384,4,96
9,6,18,256,8,32
9,8,72,384,4,96
9,9,9,256,16,16
9,10,90,192,2,96
9,12,36,128,4,32
9,15,45,128,4,32
9,18,18,128,8,16
9,20,180,96,1,96
9,24,72,128,4,32
9,30,90,64,2,32
9,36,36,64,4,16
9,40,360,96,1,96
9,45,45,64,4,16
9,60,180,32,1,32
9,72,72,64,4,16
9,90,90,32,2,16
9,120,360,32,1,32
9,180,180,16,1,16
9,360,360,16,1,16
10,1,10,1152,12,96
10,2,20,576,6,96
10,3,30,384,4,96
10,4,40,288,6,48
10,5,10,288,12,24
10,6,60,192,2,96
10,8,40,288,6,48
10,9,90,192,2,96
10,10,20,144,6,24
10,12,120,96,2,48
10,15,30,96,4,24
10,18,180,96,1,96
10,20,40,72,6,12
10,24,120,96,2,48
10,30,60,48,2,24
10,36,360,48,1,48
10,40,40,72,6,12
10,45,90,48,2,24
10,60,120,24,2,12
10,72,360,48,1,48
10,90,180,24,1,24
10,120,120,24,2,12
10,180,360,12,1,12
10,360,360,12,1,12
12,1,12,768,8,96
12,2,24,384,8,48
12,3,36,256,4,64
12,4,24,192,8,24
12,5,60,192,2,96
12,6,72,128,4,32
12,8,24,192,8,24
12,9,36,128,4,32
12,10,120,96,2,48
12,12,72,64,4,16
12,15,180,64,1,64
12,18,72,64,4,16
12,20,120,48,2,24
12,24,72,64,4,16
12,30,360,32,1,32
12,36,72,32,4,8
12,40,120,48,2,24
12,45,180,32,1,32
12,60,360,16,1,16
12,72,72,32,4,8
12,90,360,16,1,16
12,120,360,16,1,16
12,180,360,8,1,8
12,360,360,8,1,8
15,1,15,768,8,96
15,2,30,384,4,96
15,3,45,256,4,64
15,4,60,192,2,96
15,5,15,192,8,24
15,6,90,128,2,64
15,8,120,192,2,96
15,9,45,128,4,32
15,10,30,96,4,24
15,12,180,64,1,64
15,15,45,64,4,16
15,18,90,64,2,32
15,20,60,48,2,24
15,24,360,64,1,64
15,30,90,32,2,16
15,36,180,32,1,32
15,40,120,48,2,24
15,45,45,32,4,8
15,60,180,16,1,16
15,72,360,32,1,32
15,90,90,16,2,8
15,120,360,16,1,16
15,180,180,8,1,8
15,360,360,8,1,8
18,1,18,768,8,96
18,2,36,384,4,96
18,3,18,256,8,32
18,4,72,192,4,48
18,5,90,192,2,96
18,6,36,128,4,32
18,8,72,192,4,48
18,9,18,128,8,16
18,10,180,96,1,96
18,12,72,64,4,16
18,15,90,64,2,32
18,18,36,64,4,16
18,20,360,48,1,48
18,24,72,64,4,16
18,30,180,32,1,32
18,36,72,32,4,8
18,40,360,48,1,48
18,45,90,32,2,16
18,60,360,16,1,16
18,72,72,32,4,8
18,90,180,16,1,16
18,120,360,16,1,16
18,180,360,8,1,8
18,360,360,8,1,8
20,1,20,576,6,96
20,2,40,288,6,48
20,3,60,192,2,96
20,4,40,144,6,24
20,5,20,144,6,24
20,6,120,96,2,48
20,8,40,144,6,24
20,9,180,96,1,96
20,10,40,72,6,12
20,12,120,48,2,24
20,15,60,48,2,24
20,18,360,48,1,48
20,20,40,36,6,6
20,24,120,48,2,24
20,30,120,24,2,12
20,36,360,24,1,24
20,40,40,36,6,6
20,45,180,24,1,24
20,60,120,12,2,6
20,72,360,24,1,24
20,90,360,12,1,12
20,120,120,12,2,6
20,180,360,6,1,6
20,360,360,6,1,6
24,1,24,768,8,96
24,2,24,384,8,48
24,3,72,256,4,64
24,4,24,192,8,24
24,5,120,192,2,96
24,6,72,128,4,32
24,8,24,192,8,24
24,9,72,128,4,32
24,10,120,96,2,48
24,12,72,64,4,16
24,15,360,64,1,64
24,18,72,64,4,16
24,20,120,48,2,24
24,24,72,64,4,16
24,30,360,32,1,32
24,36,72,32,4,8
24,40,120,48,2,24
24,45,360,32,1,32
24,60,360,16,1,16
24,72,72,32,4,8
24,90,360,16,1,16
24,120,360,16,1,16
24,180,360,8,1,8
24,360,360,8,1,8
30,1,30,384,4,96
30,2,60,192,2,96
30,3,90,128,2,64
30,4,120,96,2,48
30,5,30,96,4,24
30,6,180,64,1,64
30,8,120,96,2,48
30,9,90,64,2,32
30,10,60,48,2,24
30,12,360,32,1,32
30,15,90,32,2,16
30,18,180,32,1,32
30,20,120,24,2,12
30,24,360,32,1,32
30,30,180,16,1,16
30,36,360,16,1,16
30,40,120,24,2,12
30,45,90,16,2,8
30,60,360,8,1,8
30,72,360,16,1,16
30,90,180,8,1,8
30,120,360,8,1,8
30,180,360,4,1,4
30,360,360,4,1,4
36,1,36,384,4,96
36,2,72,192,4,48
36,3,36,128,4,32
36,4,72,96,4,24
36,5,180,96,1,96
36,6,72,64,4,16
36,8,72,96,4,24
36,9,36,64,4,16
36,10,360,48,1,48
36,12,72,32,4,8
36,15,180,32,1,32
36,18,72,32,4,8
36,20,360,24,1,24
36,24,72,32,4,8
36,30,360,16,1,16
36,36,72,16,4,4
36,40,360,24,1,24
36,45,180,16,1,16
36,60,360,8,1,8
36,72,72,16,4,4
36,90,360,8,1,8
36,120,360,8,1,8
36,180,360,4,1,4
36,360,360,4,1,4
40,1,40,576,6,96
40,2,40,288,6,48
40,3,120,192,2,96
40,4,40,144,6,24
40,5,40,144,6,24
40,6,120,96,2,48
40,8,40,144,6,24
40,9,360,96,1,96
40,10,40,72,6,12
40,12,120,48,2,24
40,15,120,48,2,24
40,18,360,48,1,48
40,20,40,36,6,6
40,24,120,48,2,24
40,30,120,24,2,12
40,36,360,24,1,24
40,40,40,36,6,6
40,45,360,24,1,24
40,60,120,12,2,6
40,72,360,24,1,24
40,90,360,12,1,12
40,120,120,12,2,6
40,180,360,6,1,6
40,360,360,6,1,6
45,1,45,384,4,96
45,2,90,192,2,96
45,3,45,128,4,32
45,4,180,96,1,96
45,5,45,96,4,24
45,6,90,64,2,32
45,8,360,96,1,96
45,9,45,64,4,16
45,10,90,48,2,24
45,12,180,32,1,32
45,15,45,32,4,8
45,18,90,32,2,16
45,20,180,24,1,24
45,24,360,32,1,32
45,30,90,16,2,8
45,36,180,16,1,16
45,40,360,24,1,24
45,45,45,16,4,4
45,60,180,8,1,8
45,72,360,16,1,16
45,90,90,8,2,4
45,120,360,8,1,8
45,180,180,4,1,4
45,360,360,4,1,4
60,1,60,192,2,96
60,2,120,96,2,48
60,3,180,64,1,64
60,4,120,48,2,24
60,5,60,48,2,24
60,6,360,32,1,32
60,8,120,48,2,24
60,9,180,32,1,32
60,10,120,24,2,12
60,12,360,16,1,16
60,15,180,16,1,16
60,18,360,16,1,16
60,20,120,12,2,6
60,24,360,16,1,16
60,30,360,8,1,8
60,36,360,8,1,8
60,40,120,12,2,6
60,45,180,8,1,8
60,60,360,4,1,4
60,72,360,8,1,8
60,90,360,4,1,4
60,120,360,4,1,4
60,180,360,2,1,2
60,360,360,2,1,2
72,1,72,384,4,96
72,2,72,192,4,48
72,3,72,128,4,32
72,4,72,96,4,24
72,5,360,96,1,96
72,6,72,64,4,16
72,8,72,96,4,24
72,9,72,64,4,16
72,10,360,48,1,48
72,12,72,32,4,8
72,15,360,32,1,32
72,18,72,32,4,8
72,20,360,24,1,24
72,24,72,32,4,8
72,30,360,16,1,16
72,36,72,16,4,4
72,40,360,24,1,24
72,45,360,16,1,16
72,60,360,8,1,8
72,72,72,16,4,4
72,90,360,8,1,8
72,120,360,8,1,8
72,180,360,4,1,4
72,360,360,4,1,4
90,1,90,192,2,96
90,2,180,96,1,96
90,3,90,64,2,32
90,4,360,48,1,48
90,5,90,48,2,24
90,6,180,32,1,32
90,8,360,48,1,48
90,9,90,32,2,16
90,10,180,24,1,24
90,12,360,16,1,16
90,15,90,16,2,8
90,18,180,16,1,16
90,20,360,12,1,12
90,24,360,16,1,16
90,30,180,8,1,8
90,36,360,8,1,8
90,40,360,12,1,12
90,45,90,8,2,4
90,60,360,4,1,4
90,72,360,8,1,8
90,90,180,4,1,4
90,120,360,4,1,4
90,180,360,2,1,2
90,360,360,2,1,2
120,1,120,192,2,96
120,2,120,96,2,48
120,3,360,64,1,64
120,4,120,48,2,24
120,5,120,48,2,24
120,6,360,32,1,32
120,8,120,48,2,24
120,9,360,32,1,32
120,10,120,24,2,12
120,12,360,16,1,16
120,15,360,16,1,16
120,18,360,16,1,16
120,20,120,12,2,6
120,24,360,16,1,16
120,30,360,8,1,8
120,36,360,8,1,8
120,40,120,12,2,6
120,45,360,8,1,8
120,60,360,4,1,4
120,72,360,8,1,8
120,90,360,4,1,4
120,120,360,4,1,4
120,180,360,2,1,2
120,360,360,2,1,2
180,1,180,96,1,96
180,2,360,48,1,48
180,3,180,32,1,32
180,4,360,24,1,24
180,5,180,24,1,24
180,6,360,16,1,16
180,8,360,24,1,24
180,9,180,16,1,16
180,10,360,12,1,12
180,12,360,8,1,8
180,15,180,8,1,8
180,18,360,8,1,8
180,20,360,6,1,6
180,24,360,8,1,8
180,30,360,4,1,4
180,36,360,4,1,4
180,40,360,6,1,6
180,45,180,4,1,4
180,60,360,2,1,2
180,72,360,4,1,4
180,90,360,2,1,2
180,120,360,2,1,2
180,180,360,1,1,1
180,360,360,1,1,1
360,1,360,96,1,96
360,2,360,48,1,48
360,3,360,32,1,32
360,4,360,24,1,24
360,5,360,24,1,24
360,6,360,16,1,16
360,8,360,24,1,24
360,9,360,16,1,16
360,10,360,12,1,12
360,12,360,8,1,8
360,15,360,8,1,8
360,18,360,8,1,8
360,20,360,6,1,6
360,24,360,8,1,8
360,30,360,4,1,4
360,36,360,4,1,4
360,40,360,6,1,6
360,45,360,4,1,4
360,60,360,2,1,2
360,72,360,4,1,4
360,90,360,2,1,2
360,120,360,2,1,2
360,180,360,1,1,1
360,360,360,1,1,1
